Workbook

Sheet How to fill
A1: Functional test sheet – Landing Form Coach
A2: Thesis Tables 5.2 (test cases) and 5.3 (results by browser).
A4: 1. Start the app with start_webapp.bat; place the camera 3 m away at hip height.
A5: 2. On the 'Tests' sheet, do each test and fill only the YELLOW cells: actual result, status, notes, screenshot file name, tester and date.
A6: 3. Status must be Pass, Fail, Partial or Not tested (drop-down). Write what really happened – a documented Fail is a valid result.
A7: 4. TC07–TC09 (classification): do 3 trials each and record them on 'Classification trials'; then copy the result (e.g. '2 of 3 correct') into the Tests sheet.
A8: 5. Safari does not run on Windows: set its rows to 'Not tested' with the note 'no Safari device'.
A9: 6. Take one screenshot per test (Win + Shift + S) for Appendix E and write its file name.
A10: 7. The 'Summary' sheet fills itself (Table 5.3). Send this file and your session CSV to Claude.
A12: Grey row on the Tests sheet = an example of how to fill a row. It is not counted in the summary.
A13: Yellow cells = cells to fill in.

Sheet Tests
A1: ID | B1: FR | C1: Browser | D1: What to do | E1: Expected result | F1: Actual result | G1: Status | H1: Notes | I1: Screenshot file | J1: Tester | K1: Date
A2: e.g. TC04 | B2: FR3 | C2: Chrome | D2: Do one box jump and land. | E2: Exactly one landing appears in History. | F2: One landing appeared, classified Good, cue after about 0.3 s. | G2: Pass | I2: TC04_chrome.png | J2: DC | K2: 19/10/2026
A3: TC01 | B3: FR1 | C3: Chrome | D3: Run start_webapp.bat, open http://localhost:8000, press Start camera, choose Allow. | E3: Live camera view is shown with the skeleton overlay. | F3: yes showed with skelton | G3: Pass
A4: TC02 | B4: FR1 | C4: Chrome | D4: Block the camera (camera icon in the address bar), reload, press Start camera. Afterwards set it back to Allow. | E4: Message 'Camera access was blocked...' with a Try again button; no crash. | F4: showed message named camera was blocked | G4: Pass
A5: TC03 | B5: FR2 | C5: Chrome | D5: Stand about 3 m away with the whole body in view. | E5: Skeleton follows the body; chip shows 'Ready: jump when you like'. | F5: showed ready jump message | G5: Pass
A6: TC04 | B6: FR3 | C6: Chrome | D6: Do one box jump (or two-foot jump) and land. | E6: Exactly one landing appears in History. | F6: One landing appeared | G6: Pass
A7: TC05 | B7: FR3 | C7: Chrome | D7: Walk around and stand still for 30 s without jumping. | E7: No landing is added. | F7: no landing added now | G7: pass
A8: TC06 | B8: FR4 | C8: Chrome | D8: Settings: turn on Researcher details. Do one landing. | E8: The History row shows FPPA and trunk angles for the landing. | F8: showed FPPA and trunk angles | G8: Pass
A9: TC07 | B9: FR5 | C9: Chrome | D9: Land with good form (3 trials; record them on the 'Classification trials' sheet). | E9: 'Good landing' shown and spoken. | F9: One landing appeared and spoken | G9: Pass
A10: TC08 | B10: FR5 | C10: Chrome | D10: Land with mild, deliberate knees-in (3 trials). | E10: 'Knees caving in' shown; 'Knees out' spoken. | F10: landing appeared and kness out spoken | G10: Pass
A11: TC09 | B11: FR5 | C11: Chrome | D11: Land with a mild, deliberate sideways trunk lean (3 trials). | E11: 'Leaning to the side' shown; 'Chest centred' spoken. | F11: landing appeared and chest centred spoken | G11: Pass
A12: TC10 | B12: FR6 | C12: Chrome | D12: Do 3 jumps in a row (ask a friend to watch or film). | E12: Each cue appears before the next take-off. | F12: appears before the next take off | G12: Pass
A13: TC11 | B13: FR7 | C13: Chrome | D13: With Researcher details on, do 5 jumps. | E13: 5 History rows, each with model ms, landing-to-cue ms and (when detected) next take-off ms. | F13: rows added showing the results | G13: Pass
A14: TC12 | B14: FR8 | C14: Chrome | D14: Press End session, then Download CSV. | E14: Session summary appears; the CSV has one row per landing. | F14: summary appeared and CSV has one per row landing | G14: Pass
... A26: TC12 | B26: FR8 | C26: Edge | D26: Press End session, then Download CSV. | E26: Session summary appears; the CSV has one row per landing. | F26: summary appeared and CSV has one per row landing | G26: Pass
A27: TC01 | B27: FR1 | C27: Firefox | D27: Run start_webapp.bat, open http://localhost:8000, press Start camera, choose Allow. | E27: Live camera view is shown with the skeleton overlay. | G27: Not tested | H27: firefox not installed
A28: TC02 | B28: FR1 | C28: Firefox | D28: Block the camera (camera icon in the address bar), reload, press Start camera. Afterwards set it back to Allow. | E28: Message 'Camera access was blocked...' with a Try again button; no crash. | G28: Not tested | H28: firefox not installed
A29: TC03 | B29: FR2 | C29: Firefox | D29: Stand about 3 m away with the whole body in view. | E29: Skeleton follows the body; chip shows 'Ready: jump when you like'. | G29: Not tested | H29: firefox not installed
A30: TC04 | B30: FR3 | C30: Firefox | D30: Do one box jump (or two-foot jump) and land. | E30: Exactly one landing appears in History. | G30: Not tested | H30: firefox not installed
A31: TC05 | B31: FR3 | C31: Firefox | D31: Walk around and stand still for 30 s without jumping. | E31: No landing is added. | G31: Not tested | H31: firefox not installed
A32: TC06 | B32: FR4 | C32: Firefox | D32: Settings: turn on Researcher details. Do one landing. | E32: The History row shows FPPA and trunk angles for the landing. | G32: Not tested | H32: firefox not installed
A33: TC07 | B33: FR5 | C33: Firefox | D33: Land with good form (3 trials; record them on the 'Classification trials' sheet). | E33: 'Good landing' shown and spoken. | G33: Not tested | H33: firefox not installed
A34: TC08 | B34: FR5 | C34: Firefox | D34: Land with mild, deliberate knees-in (3 trials). | E34: 'Knees caving in' shown; 'Knees out' spoken. | G34: Not tested | H34: firefox not installed
A35: TC09 | B35: FR5 | C35: Firefox | D35: Land with a mild, deliberate sideways trunk lean (3 trials). | E35: 'Leaning to the side' shown; 'Chest centred' spoken. | G35: Not tested | H35: firefox not installed
A36: TC10 | B36: FR6 | C36: Firefox | D36: Do 3 jumps in a row (ask a friend to watch or film). | E36: Each cue appears before the next take-off. | G36: Not tested | H36: firefox not installed
A37: TC11 | B37: FR7 | C37: Firefox | D37: With Researcher details on, do 5 jumps. | E37: 5 History rows, each with model ms, landing-to-cue ms and (when detected) next take-off ms. | G37: Not tested | H37: firefox not installed
A38: TC12 | B38: FR8 | C38: Firefox | D38: Press End session, then Download CSV. | E38: Session summary appears; the CSV has one row per landing. | G38: Not tested | H38: firefox not installed
... A50: TC12 | B50: FR8 | C50: Safari | D50: Press End session, then Download CSV. | E50: Session summary appears; the CSV has one row per landing. | G50: Not tested | H50: No Safari device (Windows)
A51: TC13 | B51: NFR6 | C51: All | D51: Repeat TC01–TC12 on Chrome, Edge, Firefox and Safari (rows above). | E51: All cases pass on each browser. | F51: chrom and edge pass and safar not tested | G51: Pass
A52: TC14 | B52: NFR5 | C52: Chrome | D52: F12 → Network tab; start a session and do a few jumps; look at every request. | E52: Only local files are loaded; no request sends images or video; no external servers. | F52: yes all files loaded locally | G52: Pass

Sheet Classification trials
A1: Test | B1: Browser | C1: Trial | D1: Form performed | E1: App result (title shown) | F1: Correct? | G1: Confidence (%) | H1: Notes
A2: TC07 | B2: Chrome | C2: 1 | D2: Good landing | E2: Good landing | F2: =IF(E2="","",IF(E2=D2,"Yes","No")) -> Yes | G2: 62
A3: TC07 | B3: Chrome | C3: 2 | D3: Good landing | E3: Good landing | F3: =IF(E3="","",IF(E3=D3,"Yes","No")) -> Yes | G3: 90
A4: TC07 | B4: Chrome | C4: 3 | D4: Good landing | E4: Good landing | F4: =IF(E4="","",IF(E4=D4,"Yes","No")) -> Yes | G4: 95
A5: TC08 | B5: Chrome | C5: 1 | D5: Knees caving in | E5: Knees caving in | F5: =IF(E5="","",IF(E5=D5,"Yes","No")) -> Yes | G5: 74
A6: TC08 | B6: Chrome | C6: 2 | D6: Knees caving in | E6: Knees caving in | F6: =IF(E6="","",IF(E6=D6,"Yes","No")) -> Yes | G6: 92
A7: TC08 | B7: Chrome | C7: 3 | D7: Knees caving in | E7: Knees caving in | F7: =IF(E7="","",IF(E7=D7,"Yes","No")) -> Yes | G7: 90
A8: TC09 | B8: Chrome | C8: 1 | D8: Leaning to the side | E8: Leaning to the side | F8: =IF(E8="","",IF(E8=D8,"Yes","No")) -> Yes | G8: 72
A9: TC09 | B9: Chrome | C9: 2 | D9: Leaning to the side | E9: Leaning to the side | F9: =IF(E9="","",IF(E9=D9,"Yes","No")) -> Yes | G9: 82
A10: TC09 | B10: Chrome | C10: 3 | D10: Leaning to the side | E10: Leaning to the side | F10: =IF(E10="","",IF(E10=D10,"Yes","No")) -> Yes | G10: 79
A11: TC07 | B11: Edge | C11: 1 | D11: Good landing | E11: Good landing | F11: =IF(E11="","",IF(E11=D11,"Yes","No")) -> Yes | G11: 97
A12: TC07 | B12: Edge | C12: 2 | D12: Good landing | E12: Good landing | F12: =IF(E12="","",IF(E12=D12,"Yes","No")) -> Yes | G12: 70
A13: TC07 | B13: Edge | C13: 3 | D13: Good landing | E13: Good landing | F13: =IF(E13="","",IF(E13=D13,"Yes","No")) -> Yes | G13: 91
... A19: TC09 | B19: Edge | C19: 3 | D19: Leaning to the side | E19: Leaning to the side | F19: =IF(E19="","",IF(E19=D19,"Yes","No")) -> Yes | G19: 91
A21: Correct trials (of those filled in)
A22: Test | B22: Browser | C22: Correct | D22: Filled | E22: Result text
A23: TC07 | B23: Chrome | C23: =COUNTIFS($A$2:$A$19,A23,$B$2:$B$19,B23,$F$2:$F$19,"Yes") -> 3 | D23: =COUNTIFS($A$2:$A$19,A23,$B$2:$B$19,B23,$E$2:$E$19,"<>") -> 3 | E23: =IF(D23=0,"",C23&" of "&D23&" correct") -> 3 of 3 correct
A24: TC08 | B24: Chrome | C24: =COUNTIFS($A$2:$A$19,A24,$B$2:$B$19,B24,$F$2:$F$19,"Yes") -> 3 | D24: =COUNTIFS($A$2:$A$19,A24,$B$2:$B$19,B24,$E$2:$E$19,"<>") -> 3 | E24: =IF(D24=0,"",C24&" of "&D24&" correct") -> 3 of 3 correct
A25: TC09 | B25: Chrome | C25: =COUNTIFS($A$2:$A$19,A25,$B$2:$B$19,B25,$F$2:$F$19,"Yes") -> 3 | D25: =COUNTIFS($A$2:$A$19,A25,$B$2:$B$19,B25,$E$2:$E$19,"<>") -> 3 | E25: =IF(D25=0,"",C25&" of "&D25&" correct") -> 3 of 3 correct
A26: TC07 | B26: Edge | C26: =COUNTIFS($A$2:$A$19,A26,$B$2:$B$19,B26,$F$2:$F$19,"Yes") -> 3 | D26: =COUNTIFS($A$2:$A$19,A26,$B$2:$B$19,B26,$E$2:$E$19,"<>") -> 3 | E26: =IF(D26=0,"",C26&" of "&D26&" correct") -> 3 of 3 correct
A27: TC08 | B27: Edge | C27: =COUNTIFS($A$2:$A$19,A27,$B$2:$B$19,B27,$F$2:$F$19,"Yes") -> 3 | D27: =COUNTIFS($A$2:$A$19,A27,$B$2:$B$19,B27,$E$2:$E$19,"<>") -> 3 | E27: =IF(D27=0,"",C27&" of "&D27&" correct") -> 3 of 3 correct
A28: TC09 | B28: Edge | C28: =COUNTIFS($A$2:$A$19,A28,$B$2:$B$19,B28,$F$2:$F$19,"Yes") -> 3 | D28: =COUNTIFS($A$2:$A$19,A28,$B$2:$B$19,B28,$E$2:$E$19,"<>") -> 3 | E28: =IF(D28=0,"",C28&" of "&D28&" correct") -> 3 of 3 correct

Sheet Summary
A1: Browser | B1: Test cases run | C1: Passed | D1: Partial | E1: Failed | F1: Not tested | G1: Pass rate (of run)
A2: Chrome | B2: =C2+D2+E2 -> 13 | C2: =COUNTIFS(Tests!$C$3:$C$52,A2,Tests!$G$3:$G$52,"Pass") -> 13 | D2: =COUNTIFS(Tests!$C$3:$C$52,A2,Tests!$G$3:$G$52,"Partial") -> 0 | E2: =COUNTIFS(Tests!$C$3:$C$52,A2,Tests!$G$3:$G$52,"Fail") -> 0 | F2: =COUNTIFS(Tests!$C$3:$C$52,A2,Tests!$G$3:$G$52,"Not tested") -> 0 | G2: =IF(B2=0,"-",C2/B2) -> 1
A3: Edge | B3: =C3+D3+E3 -> 12 | C3: =COUNTIFS(Tests!$C$3:$C$52,A3,Tests!$G$3:$G$52,"Pass") -> 12 | D3: =COUNTIFS(Tests!$C$3:$C$52,A3,Tests!$G$3:$G$52,"Partial") -> 0 | E3: =COUNTIFS(Tests!$C$3:$C$52,A3,Tests!$G$3:$G$52,"Fail") -> 0 | F3: =COUNTIFS(Tests!$C$3:$C$52,A3,Tests!$G$3:$G$52,"Not tested") -> 0 | G3: =IF(B3=0,"-",C3/B3) -> 1
A4: Firefox | B4: =C4+D4+E4 -> 0 | C4: =COUNTIFS(Tests!$C$3:$C$52,A4,Tests!$G$3:$G$52,"Pass") -> 0 | D4: =COUNTIFS(Tests!$C$3:$C$52,A4,Tests!$G$3:$G$52,"Partial") -> 0 | E4: =COUNTIFS(Tests!$C$3:$C$52,A4,Tests!$G$3:$G$52,"Fail") -> 0 | F4: =COUNTIFS(Tests!$C$3:$C$52,A4,Tests!$G$3:$G$52,"Not tested") -> 12 | G4: =IF(B4=0,"-",C4/B4) -> -
A5: Safari | B5: =C5+D5+E5 -> 0 | C5: =COUNTIFS(Tests!$C$3:$C$52,A5,Tests!$G$3:$G$52,"Pass") -> 0 | D5: =COUNTIFS(Tests!$C$3:$C$52,A5,Tests!$G$3:$G$52,"Partial") -> 0 | E5: =COUNTIFS(Tests!$C$3:$C$52,A5,Tests!$G$3:$G$52,"Fail") -> 0 | F5: =COUNTIFS(Tests!$C$3:$C$52,A5,Tests!$G$3:$G$52,"Not tested") -> 12 | G5: =IF(B5=0,"-",C5/B5) -> -
A6: Total | B6: =SUM(B2:B5) -> 25 | C6: =SUM(C2:C5) -> 25 | D6: =SUM(D2:D5) -> 0 | E6: =SUM(E2:E5) -> 0 | F6: =SUM(F2:F5) -> 24 | G6: =IF(B6=0,"-",C6/B6) -> 1
A8: Counts come from the Status column of the Tests sheet (TC01–TC12 per browser; the grey example row is not counted). Pass rate = passed / (passed + partial + failed).
